id,username,email,password_hash,created_at
1,admin,admin@example.com,5e884898da28047151d0e56f8dc6292773603d0d6aabbdd62a11ef721d1542d8,2024-01-01 00:00:00

2,Nausha,naushatendulkar24@gmail.com,8d969eef6ecad3c29a3a629280e686cf0c3f5d5a86aff3ca12020c923adc6c92,2025-11-19 20:11:15


3,prathi,sprathi630@gmail.com,b3facc7a9a1b93f7122889ac415b953bdd7254a82876cd20266f55ba41caf07e,2025-12-03 10:22:00
4,sakshi achar,acharyasakshi399@gmail.com,34250f2c273cf1ba1fb7e43295997b36fef02124822a29f107a2bcd92416c11d,2026-01-08 09:29:36
5,Sakshi acharya,sakshiachar06@gmail.com,73bc5b3cab9825c4f432fc247d8449a8d0c38f6da9f490eb0260bb49ea2a313d,2026-01-08 09:46:35
6,Jyothi,Jyothiacharyaharkadi@gmail.com,31b841e8c4a1e63318b7f6343c570cb42dafdf1dae6137c39ba39154bddf89dc,2026-01-31 19:00:24
